"","year","pct_reduct_apr","pct_reduct_may","pct_reduct_jun","pct_reduct_jul","pct_reduct_aug","pct_reduct_optimal","pct_reduct_max_month"
"1",2015,2.87303947431532,3.80833613122932,5.95112475418486,8.86133627512111,11.476569619646,9.12154060146769,17.5432874478392
"2",2016,5.31183195464262,5.08643926015429,5.44311739009201,6.22734454874988,6.86518263779161,6.51082814387954,14.6816618644856
"3",2017,6.16947195948462,8.14683101213972,9.85607358307887,10.0943993446042,8.67003053548819,9.86817606315633,14.6153273255381
"4",2018,3.96136681242393,5.52111977640536,7.43136636162828,9.03957985845016,10.2477122120543,8.80629310733445,16.5856737141054
"5",2019,3.12793400992534,5.01296552957482,8.25323020521304,10.9966692001609,11.6237090356329,10.854719005678,15.6087092591765
"6",2020,3.45028740538387,4.39644869387058,6.20198053611064,8.0516191451824,8.74452222411929,7.71441579875932,15.5073700984577
"7",2021,7.65837271116362,9.48759598346132,9.28824571766096,7.75066450088601,6.5324128765505,7.81896042528056,17.5014766686356
"8",2022,6.57250753227632,10.3539829041186,12.0236942918297,11.6903655028561,10.0663249308121,10.9398644871917,16.3564232253139
